xcre,zoc,algohalf,althalf,asdhalf,bchhalf,half,adahalf,linkhalf,atomhalf,dogehalf,eoshalf,etchalf,ethhalf,knchalf,matichalf,privhalf,sxphalf,thetahalf,xrphalf,zch,zcn,zrx,zxc,OXD,0xmr,0xpad,zrx,realtoken-s-10024-10028-appoline-st-detroit-mi,realtoken-s-10084-grayton-st-detroit-mi,man,100x,realtoken-s-10604-somerset-ave-detroit-mi,realtoken-s-10612-somerset-ave-detroit-mi,realtoken-s-10616-mckinney-st-detroit-mi,realtoken-s-10617-hathaway-ave-cleveland-oh,realtoken-s-10629-mckinney-st-detroit-mi,realtoken-s-10639-stratman-st-detroit-mi,realtoken-s-10700-whittier-ave-detroit-mi,realtoken-s-11078-longview-st-detroit-mi,realtoken-s-11078-wayburn-st-detroit-mi,realtoken-s-11201-college-st-detroit-mi,realtoken-s-11300-roxbury-st-detroit-mi,realtoken-s-11653-nottingham-rd-detroit-mi,realtoken-s-11957-olga-st-detroit-mi,realtoken-s-12334-lansdowne-street-detroit-mi,realtoken-s-12405-santa-rosa-dr-detroit-mi,realtoken-s-12409-whitehill-st-detroit-mi,realtoken-s-1244-s.avers-st-chicago-il,realtoken-s-12866-lauder-st-detroit-mi,TSHP,realtoken-s-13045-wade-st-detroit-mi,realtoken-s-13114-glenfield-ave-detroit-mi,realtoken-s-13116-kilbourne-ave-detroit-mi,1337,realtoken-s-13606-winthrop-st-detroit-mi,realtoken-s-13991-warwick-st-detroit-mi,realtoken-s-14066-santa-rosa-dr-detroit-mi,realtoken-s-14078-carlisle-st-detroit-mi,realtoken-s-14229-wilshire-dr-detroit-mi,realtoken-s-14231-strathmoor-st-detroit-mi,realtoken-s-14319-rosemary-st-detroit-mi,realtoken-s-14494-chelsea-ave-detroit-mi,realtoken-s-14825-wilfried-st-detroit-mi,realtoken-s-14882-troester-st-detroit-mi,realtoken-s-14918-joy-rd-detroit-mi,realtoken-s-15039-ward-ave-detroit-mi,realtoken-s-15048-freeland-st-detroit-mi,realtoken-s-15095-hartwell-st-detroit-mi,realtoken-s-15350-greydale-st-detroit-mi,realtoken-s-15373-parkside-st-detroit-mi,realtoken-s-1542-s.ridgeway-ave-chicago-il,realtoken-s-15634-liberal-st-detroit-mi,realtoken-s-15753-hartwell-st-detroit-mi,realtoken-s-15770-prest-st-detroit-mi,realtoken-s-15777-ardmore-st-detroit-mi,realtoken-s-15778-manor-st-detroit-mi,realtoken-s-15784-monte-vista-st-detroit-mi,realtoken-s-15796-hartwell-st-detroit-mi,realtoken-s-15860-hartwell-st-detroit-mi,realtoken-s-1617-s.avers-ave-chicago-il,realtoken-s-16200-fullerton-ave-detroit-mi,realtoken-s-17500-evergreen-rd-detroit-mi,realtoken-s-17809-charest-st-detroit-mi,realtoken-s-17813-bradford-st-detroit-mi,realtoken-s-1815-s.avers-ave-chicago-il,realtoken-s-18273-monte-vista-st-detroit-mi,realtoken-s-18276-appoline-st-detroit-mi,realtoken-s-18433-faust-ave-detroit-mi,realtoken-s-18466-fielding-st-detroit-mi,realtoken-s-18481-westphalia-st-detroit-mi,realtoken-s-18776-sunderland-rd-detroit-mi,realtoken-s-18900-mansfield-st-detroit-mi,realtoken-s-18983-alcoy-ave-detroit-mi,realtoken-s-19020-rosemont-ave-detroit-mi,realtoken-s-19136-tracey-st-detroit-mi,realtoken-s-19163-mitchell-st-detroit-mi,realtoken-s-19200-strasburg-st-detroit-mi,realtoken-s-19201-westphalia-st-detroit-mi,realtoken-s-19218-houghton-st-detroit-mi,realtoken-s-19311-keystone-st-detroit-mi,realtoken-s-19317-gable-st-detroit-mi,realtoken-s-19333-moenart-st-detroit-mi,realtoken-s-19596-goulburn-st-detroit-mi,realtoken-s-19996-joann-ave-detroit-mi,1art,1bch,1beam,1box,1doge,oneusd,1eco,1inch,1inch,1mil,1mt,1nft,1peco,safu,1sol,1sol,1swap,1trc,1-up,1wo,bvol,algohedge,bchhedge,hedge,bnbhedge,ibvol,adahedge,LINKHEDGE,comphedge,atomhedge,defihedge,dogehedge,eoshedge,ethhedge,exchhedge,ltchedge,matichedge,okbhedge,privhedge,hedgeshit,sxphedge,xtzhedge,thetahedge,tomohedge,trxhedge,vethedge,xrphedge,realtoken-s-20200-lesure-st-detroit-mi,2022m,2030Floki,realtoken-s-25097-andover-dr-dearborn-heights-mi,realtoken-s-272-n.e.-42nd-court-deerfield-beach-fl,vck,arms,2chainlinks,2crz,two,2gt,2goshi,2key,2lc,2omb,2shares,2x2,fit,3omb,realtoken-s-3432-harding-street-detroit-mi,3share,algobull,altbull,balbull,trybbull,bchbull,bsvbull,bull,bnbbull,adabull,linkbull,compbull,cusdtbull,atombull,defibull,dogebull,drgnbull,eosbull,etcbull,ethbull,exchbull,htbull,kncbull,leobull,ltcbull,mkrbull,maticbull,midbull,okbbull,paxgbull,privbull,bullshit,xlmbull,sushibull,sxpbull,xautbull,usdtbull,xtzbull,thetabull,tomobull,trxbull,vetbull,xrpbull,zecbull,altbear,balbear,trybbear,bchbear,bsvbear,bear,bnbbear,adabear,linkbear,compbear,cusdtbear,defibear,drgnbear,eosbear,etcbear,ethbear,exchbear,htbear,kncbear,leobear,ltcbear,mkrbear,midbear,okbbear,paxgbear,privbear,bearshit,xlmbear,sushibear,sxpbear,xautbear,usdtbear,xtzbear,thetabear,trxbear,vetbear,xrpbear,realtoken-s-402-s.kostner-ave-chicago-il,404,realtoken-s-4061-grand-st-detroit-mi,42,realtoken-s-4340-east-71-cleveland-oh,realtoken-s-4380-beaconsfield-st-detroit-mi,realtoken-s-4680-buckingham-ave-detroit-mi,realtoken-s-4852-4854-w.cortez-st-chicago-il,4art,4b,4int,4jnet,4mw,kwatt,4play,4stc,50c,50k,520,realtoken-s-5601-s.wood-st-chicago-il,realtoken-s-581-587-jefferson-ave-rochester-ny,realtoken-s-5942-audubon-rd-detroit-mi,vgc,5table,realtoken-s-6923-greenview-ave-detroit-mi,69c,7e,sv7,7up,808ta,realtoken-s-8181-bliss-st-detroit-mi,realtoken-s-8342-schaefer-highway-detroit-mi,867,888,888,mph,8ball,bitd,eight,8pay,exe,realtoken-s-9133-devonshire-rd-detroit-mi,realtoken-s-9165-kensington-ave-detroit-mi,realtoken-s-9166-devonshire-rd-detroit-mi,realtoken-s-9169-boleyn-st-detroit-mi,realtoken-s-9309-courville-st-detroit-mi,realtoken-s-9336-patton-st-detroit-mi,realtoken-s-9465-beaconsfield-st-detroit-mi,realtoken-s-9481-wayburn-st-detroit-mi,realtoken-s-9717-everts-st-detroit-mi,realtoken-s-9920-bishop-st-detroit-mi,stz,a4,aag,aang,aave,aAAVE,aAmmBptBALWETH,aAmmBptWBTCWETH,aAmmDAI,aammuniaaveweth,aAmmUniBATWETH,aAmmUniCRVWETH,aAmmUniDAIUSDC,aammunidaiweth,aAmmUniLINKWETH,aAmmUniMKRWETH,aAmmUniRENWETH,aAmmUniSNXWETH,aAmmUniUNIWETH,aAmmUniUSDCWETH,aAmmUniWBTCUSDC,aammuniwbtcweth,aAmmUniYFIWETH,aAmmUSDC,aAmmUSDT,aAmmWBTC,aAmmWETH,abal,abpt,abat,abat,abusd,abusd,aCRV,adai,adai,aenj,aenj,aeth,ghst,agusd,aampl,aknc,aknc,alink,alink,amana,amana,amkr,amkr,amAAVE,amDAI,amusdc,amUSDT,amWBTC,amWETH,amWMATIC,arai,aren,aren,asnx,asnx,asusd,asusd,atusd,atusd,auni,ausdc,ausdc,ausdt,ausdt,awbtc,awbtc,aweth,aave,aXSUSHI,aYFI,azrx,azrx,aab,abi,abby,abc,at,abc,abey,abst,able,abs,abs,aaa,abu,aca,aca,aca,accel,acx,ace,aced,aced,ace,act,acxt,act,ack,acm,ac,acoin,acr,acs,acsi,acm,actn,ACADA,acu,acm,acu,aac,acy,adaboy,adacash,adat,ADAFlect,akong,addy,admc,adm,demir,adapad,adp,adax,adb,adx,addict,add,adl,adena,ADEN,adx,adf,adi,admonkey,ara,ads,adt,aib,advar,agld,adinu,twa,adco,ags,agspad,elf,aelin,ael,ash,aens,aeon,aer,aergo,arnx,aet,atyne,aer,ae,aeth,ATH,aeur,avex!,azr,afen,fyn,afin,afr,att,afx,afro,afrox,afdlt,afro,agac,acar,again,edc,agar,aga,agvc,agve,age,agentshibainu,aog,gem,a.o.t,ageur,ageur,aggl,agfi,agl,agrs,agu,agpc,dlt,AGN,agn,agri,xagc,farm,agro,AMT,agte,aht,ait,aico,aid,aidi,aidi,aidoc,adk,ali,aimx,ain,ainu,aion,aioz,abl,air,airx,air,awt,airi,airt,araid,AIRSHIB,ast,agt,ai-tech,aitra,awo,aje,akamaru,akt,AKL,akira,akita,akitax,aklima,akn,aka,akro,adel,akro,ald,ala,ala,atp,mist,alcx,alusd,alch,ach,rin,aleph,aleph,alph,azero,ali,alex,sauber,afm,algb,gems,algopad,algop,algo,alg,avs,abbc,alicn,alien,ashib,tlm,tlm,alix,alis,AList,ali,alita,alt,alm,alk,$ads,aart,allbi,abr,acyc,axa,albt,acd,all,axt,alm,alv,me,xao,asafe,soc,alluo,aly,drct,almx,alm,aloha,alpa,alpaca,ausd,a5t,abc,acat,alpha,apc,dex,roar,alpha,alkom,ank,a,aqt,aROME,alphashib,alpine,alphr,afn,air,altb,ALT,altom,alt,alter,aen,alte,am,alt,altm,alts,alu,aln,alvn,alya,amas,ama,amt,amz,amb,wallet,amc,ame,ushiba,amstaff,terrier,adao,amis,amix,ami,amc,amo,amn,amon,veo,ampl,forth,ampl,ample,ampt,aapx,amp,amp,dfi,dmx,amy,amz,anct,beth,anw,anc,anchor,aust,dom,ancw,m31,deb,AHT,ANGEL,angel,angel,angle,anb,abake,$afloki,anml,anim,stray,amt,ani,aime,ani,anime,anv,anj,anji,anka,ankr,aavaxb,aethc,ankr,aethb,ann,anom,anon,anonfloki,ainu,anons,anon,anortis,anpan,$anrx,ans,ansr,akrep,antex,xamp,free,matter,atmn,antis,antr,ablock,apad,anyp,any,aok,aos,ape,ApeBoys,apebusd,ape,apef,apefund,aft,apein,ape,nft,ape$,aoe,apes,banana,APET,ape-x,apex,apex,apxp,api3,apidai,apix,APM,apl,APX,apollo,APOLLO,APL,apx,soul,appa,aaa,appc,apx,apple,aplp,apple,ank,aapl,apple,apr,apu,apt,april,apn,apw,apy,apys,vision,aqr,aqua,aqua,aquagoat,aquagoat,aquari,aqua,arco,aqu,abic,acre,at,ant,arank,arata,ara,araw,abx,adoge,AFARM,arbimatter,nyan,arf,arbis,rbis,arb,arbx,buck,arbys,arc,arc,arcadium,ARCA,XAR,ARCANE,arcaneleague,arcane,arcanineinu,abt,arcx,archa,arch,uco,actp,arcona,arx,arc,aurora,dana,ardx,ardr,arena,averse,ares,arg,argo,argon,ari10,ardn,aria20,afib,arion,aro,ari,arv,arix,ark,diko,ania,arker,ARMD,armor,arnxm,arm,prot,art,arw,arpa,arq,arrb,arw,AFC,xax,fdnza,abc123,aby,arte,artem,mis,arv,arteq,artr,artex,at,arth,arth,articuno,ai,artii,arti,artm,ARNO,$AOW,art,att,avt,anft,artx,ar,aya,ACE,asn,aat,ascend,asp,xas,asd,asec,asgard,asgardv2,volt,ash,ash,ASIA,apecoin,asimi,asix,ama,asko,asm,asp,aspo,asr,justice,asm,abp,asta,astr,atc,ast,am,avl,agv,astral,STAR,astra,astro,abz,dnky,elonone,leo,astrogold,ak,naut,astro,astro,astro,asa,spaces,astro,astro,asv,asuka,asunainu,asva,asy,atri,ata,ATR,atb,atd,at,ath,ath,owl,aem,ATHD,AX,atlas,atl,atlx,tau,atis,atlas,ats,ATP,usv,atm,atlo,atmos,atn,atmc,awc,atpad,atmi,pine,ag8,atk,att,ats,attn,attr,auction,auc,audax,adc,audio,audio,agf,rep,omen,aunit,aur,ang,aureusrh,auscm,aur,aoa,aur,idex,aurora,ashibam,aurora,$adtx,aury,aury,ashiba,aur,au,awx,awg,aws,ausd,accg,knockers,ass,auto,atb,abco,abs,au,aglyph,ata,aumi,atmup,niox,jaws,autz,aux,avak,AVAX,a.bee,void,avax,xava,aval,avamim,anyan,avg,avao,avapay,avr,avastr,terra,avtime,ave,ausd,avax1x,acn,avxl,avxt,avaxup,avt,avn,avinoc,avme,avn,avdo,axe,axel,axnt,axiav3,axc,axl,axial,axs,axset,axi,axn,axis,axis,axl,axpr,axus,az,azx,azt,azuki,azum,uzz,azu,b20,b21,b2b